提交日期,商家ID,商家名稱,收貨電話,收貨地址,大膠袋,小膠袋,單杯無紡布袋,雙杯無紡布袋,3號無紡布袋,4號無紡布袋,紙袋,紙漿杯2托,紙漿杯托-4托,飲品封口紙,雙杯裝紙袋,單杯裝紙袋,調賬費用
2026-07-02,721155,WestwoodCarvery,852-28698111,蘭桂坊和安里2號地舖,0,0,0,0,0,0,1,0,0,0,0,0,200
2026-07-02,494704,快樂蜂(荃灣88)Jollibee(Plaza88),852-26771411,荃灣楊屋道88號荃灣88 1樓17A號舖,0,0,0,0,0,1,1,0,0,0,0,0,480
2026-07-02,603700,ThePastaShack(Wanchai),852-23252725,汕頭街4號廣泰樓地下B2A號舖,3,6,0,0,0,0,0,0,0,0,0,0,219
2026-07-02,469776,SeoulNoodles中環分店(士丹利街)首爾製麵所,852-51989798,士丹利街38號金禾大廈1樓,3,0,0,0,0,0,0,0,0,0,0,0,87
2026-07-02,469776,SeoulNoodles中環分店(士丹利街)首爾製麵所,852-51989798,士丹利街38號金禾大廈1樓,8,0,0,0,0,1,0,0,0,0,0,0,512
2026-07-02,721516382,MINYOUNG,852-56475009,"SHOP B (PORTION) OF 24-49 ON PORTION OF G/F OF THE PODIUM OF BLOCK 1,CITY GARDEN, NO.233 ELECTRIC ROAD, NORTH POINT, HONG KONG",0,0,0,0,1,0,0,0,0,0,0,0,230
2026-07-02,721527353,Puradak SYP,852-59666202,上環德輔道西103號樂基商業中心1樓Kitchen 5,0,0,0,0,0,0,2,0,0,0,0,0,400
2026-07-02,581941,小寶車仔麵,852-67032252,新界西貢將軍澳毓雅里7號富麗花園地下6號舖,3,3,0,0,0,0,0,0,0,0,0,0,153
2026-07-02,487838,快樂蜂(亞皆老街)Jollibee(ArgyleStreet),852-26023522,旺角亞皆老街16號旺角商業大廈1樓,2,2,0,0,0,0,1,0,0,0,0,0,302
2026-07-02,482751,PokeHeartBuildyourownBowl超人氣波奇碗,852-59268562,中環結志街45號新中環大廈地下G鋪,0,0,0,0,0,0,2,0,0,0,0,0,400
2026-07-02,485145,PretAManger(Cityplaza太古城),852-28575301,太古太古城道18號太古城中心5樓503號舖,0,0,0,0,0,0,1,0,0,0,0,0,200
2026-07-02,399024,RotiKingIndianFusionCuisine,852-24143030,香港大角咀杉樹街4-16號金基大廈地下4號,0,0,0,0,1,0,0,0,0,0,0,0,230
2026-07-02,448595,ChilliLime(MONTEREYPlace),852-22460055,將軍澳澳南海岸唐俊街23號MONTEREY Place地下G07號舖,0,0,0,1,0,1,0,0,0,0,0,0,460
2026-07-02,461721,快樂蜂(聯安新樓)Jollibee(LuenOnApartment),852-26771130,西環士美菲路51號聯安新樓地下A-B號舖,6,4,0,0,0,0,0,0,0,0,0,0,262
2026-07-02,408881,麥當勞(萬盛閣)McDonalds,852-23906570,"九龍深水埗荔枝角道150-174號萬盛閣地下1號舖Shop 1, G/F., Man Shing Court, 150-174 Lai Chi Kok Road, Sham Shui Po, Kowloon",0,0,0,0,0,0,1,0,0,0,0,0,200
2026-07-02,448618,麥當勞(囍寓)McDonalds,852-28277537,香港灣仔莊士敦道74-80號地庫及地下部份,0,0,0,0,0,0,2,0,0,0,0,0,400
2026-07-02,449000,麥當勞(富善)McDonalds,852-26670558,新界大埔富善邨富善商場地下G25號舖,0,0,0,0,0,0,3,0,0,0,0,0,600
2026-07-02,449001,麥當勞(元朗廣場II)McDonalds,852-24783431,新界元朗青山公路元朗廣場地下071-078號舖,0,0,0,0,0,0,3,0,0,0,0,0,600
2026-07-02,450156,元氣壽司(迎海薈)GenkiSushi,852-29670688,"新界馬鞍山烏溪沙路8號, 迎海薈地下5A號舖",0,0,0,0,0,2,0,0,0,0,0,0,560
2026-07-02,450671,麥當勞(慈雲山)McDonalds,852-27528426,九龍慈雲山毓華街23號慈雲山中心333號舖,0,0,0,0,0,0,2,0,0,0,0,0,400
2026-07-02,450672,麥當勞(長亨)McDonalds,852-24975055,新界青衣長亨邨長亨商場LG1樓115-117號舖,0,0,0,0,0,0,2,0,0,0,0,0,400
2026-07-02,451667,麥當勞（家維邨）McDonalds,852-29945909,馬頭圍道46-48號家維邨家廉樓地下上層19-20號舖及家興樓地下上層5-6號舖,0,0,0,0,0,0,8,0,0,0,0,0,1600
2026-07-02,452187,麥當勞(禮頓中心)McDonalds,852-31264113,香港銅鑼灣禮頓道77號禮頓中心地庫B2號舖,0,0,0,0,0,0,3,0,0,0,0,0,600
2026-07-02,453966,麥當勞(樂富II)McDonalds,852-23385032,"九龍聯合道198號 樂富廣場3樓3112, 3113及3114號舖",0,0,0,0,0,0,3,0,0,0,0,0,600
2026-07-02,455432,麥當勞(利東)McDonalds,852-28749654,香港鴨脷洲利東邨利東商場第二期212號舖,0,0,0,0,0,0,3,0,0,0,0,0,600
2026-07-02,455592,KokoroTokyoMazesoba（荃灣）東京名店連續多年外賣冠軍,852-63828446,荃灣大河道100號海之戀商場1樓1005號舖,0,0,0,0,0,0,1,0,0,0,0,0,200
2026-07-02,458600,麥當勞(天平)McDonalds,852-26392254,新界上水天平邨天平商場地下122號舖,0,0,0,0,0,0,1,0,0,0,0,0,200
2026-07-02,458731,麥當勞(海聯廣場)McDonalds,852-26763860,新界粉嶺聯和墟和睦路9號海聯廣場地下2A及2B,0,0,0,0,0,0,5,0,0,0,0,0,1000
2026-07-02,461844,ThePantryChipsRepublic,852-29555662,太子道西193號MOKO新世紀廣場4樓436-438號舖,0,0,0,0,0,0,2,0,0,0,0,0,400
2026-07-02,462068,麥當勞(皇后山)McDonalds,852-26872223,新界粉嶺皇后山邨皇后山商場地下11號舖,0,0,0,0,0,0,2,0,0,0,0,0,400
2026-07-02,465352,麥當勞(廣源)McDonalds,852-26357283,新界沙田廣源邨廣源商場第三座第二層十三號商舖,0,0,0,0,0,0,4,0,0,0,0,0,800
2026-07-02,468288,麥當勞(鳳德)McDonalds,852-23527761,九龍鑽石山鳳德邨鳳德商場202A號舖,0,0,0,0,0,0,4,0,0,0,0,0,800
2026-07-02,468475,麥當勞(錦泰)McDonalds,852-31248656,新界馬鞍山錦泰商場一樓102號舖,0,0,0,0,0,0,1,0,0,0,0,0,200
2026-07-02,471761,麥當勞(天秀路)McDonalds,852-27599439,天水圍天秀路8號天一商城1樓1018-1019號舖,0,0,0,0,0,0,2,0,0,0,0,0,400
2026-07-02,471798,捌加廿陸天婦羅居酒屋天婦羅丼飯專門店（油麻地店）,852-90835149,窩打老道31-39號翠園大廈一期地下33A號舖,10,0,0,0,0,0,0,0,0,0,0,0,290
2026-07-02,471844,麥當勞(Airside)McDonalds,852-27453698,香港九龍啟德協調道2號AIRSIDE 地庫B1層B117號舖,0,0,0,0,0,0,2,0,0,0,0,0,400
2026-07-02,472048,麥當勞(又一城III)McDonalds,852-22658232,九龍九龍塘達之路80號又一城LG1樓LG1-01A號舖,0,0,0,0,0,0,1,0,0,0,0,0,200
2026-07-02,474707,麥當勞（愛民）McDonalds,852-27577891,九龍何文田忠孝街60號愛民邨愛民廣場G38A號地下及G38B號A部份地庫,0,0,0,0,0,0,4,0,0,0,0,0,800
2026-07-02,475055,麥當勞(德昌大廈)McDonalds,852-27854939,新界葵涌葵涌道1001號德昌大廈一樓3號舖,0,0,0,0,0,0,10,0,0,0,0,0,2000
2026-07-02,475056,麥當勞(荃灣廣場II)McDonalds,852-24115973,新界荃灣大壩街4-30號荃灣廣場第五層511-512及511-512A號舖,0,0,0,0,0,0,2,0,0,0,0,0,400
2026-07-02,475184,麥當勞(新達廣場II)McDonalds,852-26529900,新界大埔南運路9號新達廣場1樓083-085號舖,0,0,0,0,0,0,2,0,0,0,0,0,400
2026-07-02,475272,麥當勞(秦石)McDonalds,852-25275195,新界沙田盛田街1號秦石邨秦石商場地下8+9號舖,0,0,0,0,0,0,3,0,0,0,0,0,600
2026-07-02,475343,麥當勞(康澤花園)McDonalds,852-25783870,香港北角英皇道238號康澤花園地下 B2及 B3號舖,0,0,0,0,0,0,4,0,0,0,0,0,800
2026-07-02,477024,麥當勞(海趣坊)McDonalds,852-28972108,香港新界屯門湖翠路168-236號海趣坊一樓55-60號,0,0,0,0,0,0,2,0,0,0,0,0,400
2026-07-02,478121,麥當勞(麗晶商場)McDonalds,852-27590623,宏光道80號麗晶商場2樓218-1號舖,0,0,0,0,0,0,1,0,0,0,0,0,200
2026-07-02,478243,麥當勞(健康邨)McDonalds,852-25639482,香港北角七姊妹道194號健康邨地下C舖,0,0,0,0,0,0,3,0,0,0,0,0,600
2026-07-02,478373,麥當勞(駿景廣場)McDonalds,852-26348734,"新界沙田火炭駿景路1號駿景廣場地下G83A, G84-G85號舖",0,0,0,0,0,0,2,0,0,0,0,0,400
2026-07-02,478523,麥當勞(新豐)McDonalds,852-26703509,新界上水石湖墟新豐路106-110號金城大廈地下,0,0,0,0,0,0,3,0,0,0,0,0,600
2026-07-02,478525,麥當勞(牛頭角道)McDonalds,852-23442756,九龍觀塘牛頭角道327-333號瓊林大廈地庫及地下部份,0,0,0,0,0,0,3,0,0,0,0,0,600
2026-07-02,484537,麥當勞（窩仔街）McDonalds,852-27840215,窩仔街1-13號仁寶大廈地下B2-B3號舖,0,0,0,0,0,0,2,0,0,0,0,0,400
2026-07-02,484763,LeeLaksa(上環)招牌叻沙,852-22658999,上環皇后大道中302號地舖,0,0,0,0,2,1,0,0,0,0,0,0,740
2026-07-02,485058,麥當勞(彩雲II)McDonalds,852-27775288,九龍牛池灣清水灣道45號彩雲邨彩雲商場第二期地下上層A104及A115號店,0,0,0,0,0,0,5,0,0,0,0,0,1000
2026-07-02,488205,麥當勞(博康)McDonalds,852-21445203,新界沙田博康邨博康商場2樓210號舖,0,0,0,0,0,0,2,0,0,0,0,0,400
2026-07-02,488372,麥當勞(裕民坊)McDonalds,852-24404113,九龍觀塘協和街33號裕民坊商場1樓176舖,0,0,0,0,0,0,6,0,0,0,0,0,1200
2026-07-02,488425,麥當勞(大埔昌運)McDonalds,852-26656612,新界大埔安慈路4號昌運中心57-66號地下,0,0,0,0,0,0,5,0,0,0,0,0,1000
2026-07-02,491487,麥當勞(元朗南)McDonalds,852-24430738,新界元朗教育路9-13號興發大廈地下1&11舖,0,0,0,0,0,0,5,0,0,0,0,0,1000
2026-07-02,491491,麥當勞(海悅豪園)McDonalds,852-22744106,新界將軍澳培成路十八號海悅豪園地下九號舖,0,0,0,0,0,0,4,0,0,0,0,0,800
2026-07-02,491516,麥當勞(竹園)McDonalds,852-23279998,九龍竹園南邨竹園商場S219A號舖平台部分,0,0,0,0,0,0,4,0,0,0,0,0,800
2026-07-02,491642,麥當勞(頌安)McDonalds,852-26334380,新界馬鞍山頌安邨頌安商場6號舖,0,0,0,0,0,0,5,0,0,0,0,0,1000
2026-07-02,494395,麥當勞(海達邨)McDonalds,852-25595727,深旺道38號海達邨三期平台1樓3號舖,0,0,0,0,0,0,6,0,0,0,0,0,1200
2026-07-02,495013,銀杏館婆婆廚房健康有機,852-26631998,高超道38號大本型空中花園R01號舖,3,3,0,0,0,0,0,0,0,0,0,0,153
2026-07-02,496196,元氣壽司(黃埔花園)GenkiSushi,852-23302884,紅磡德康街6號黃埔花園第十一期地下G36舖,0,0,0,0,1,1,0,0,0,0,0,0,510
2026-07-02,560078,麥當勞(新港城II)McDonalds,852-26334460,新界沙田鞍祿街18號新港城中心二樓2138號舖,0,0,0,0,0,0,2,0,0,0,0,0,400
2026-07-02,566661,麥當勞(軒尼詩)McDonalds,852-28939503,香港灣仔軒尼詩道302-308號集成中心地下G11-17號舖舆地下高層(部分),0,0,0,0,0,0,1,0,0,0,0,0,200
2026-07-02,566730,翠湖海鮮酒家(元朗),852-24883312,西菁街10號好順泰大廈1樓2號舖,0,0,0,0,0,1,0,0,0,0,0,0,280
2026-07-02,571619,麥當勞(樂華)McDonalds,852-23051384,九龍牛頭角樂華(北)邨樂華商場310號舖,0,0,0,0,0,0,4,0,0,0,0,0,800
2026-07-02,573242,Caligari日本過江龍得獎咖喱,852-60586216,"Shop F, 2/F, Entertainment Building, 30 Queen's Road Central, Central, 香港",0,0,0,0,0,0,1,0,0,0,0,0,200
2026-07-02,576506,紫宸臺灣美食,852-51192699,榮芳路9號恒景商場地下G12號舖,0,0,0,0,0,0,1,0,0,0,0,0,200
2026-07-02,576564,麥當勞(越秀)McDonalds,852-23201578,九龍新蒲崗寧遠街3-23號越秀廣場地下G02-G05舖,0,0,0,0,0,0,4,0,0,0,0,0,800
2026-07-02,594122,茶皇殿點心燒味住家菜平台力推同區首選(晴朗),852-26269208,九龍城啟晴邨晴朗商場A區A102號舖,0,0,0,0,0,0,2,0,0,0,0,0,400
2026-07-02,596292,麥當勞(皇后大道中)McDonalds,852-25418667,香港上環皇后大道中287-299號QRC299地下2A&2B舖,0,0,0,0,0,0,2,0,0,0,0,0,400
2026-07-02,598109,7Eleven（灣仔海港中心）0084,852-28270043,香港灣仔港灣道 25 號海港中心地下 G6 號舖,0,0,0,0,0,0,1,0,0,0,0,0,200
2026-07-02,600656,元氣壽司(好爵中心)GenkiSushi,852-24711366,葵涌葵義路2-10號好爵中心地下43號部份及44-48號舖,0,0,0,0,0,1,0,0,0,0,0,0,280
2026-07-02,606154,麥當勞(栢蕙苑)McDonalds,852-28809603,香港鰂魚涌英皇道1060號柏蕙苑地下C舖舆前舖部分,0,0,0,0,0,0,10,0,0,0,0,0,2000
2026-07-02,614349,翠園(PopCorn),852-21856118,將軍澳唐賢街9號PopCorn 1 2樓1-2號舖,0,0,0,0,0,0,1,0,0,0,0,0,200
2026-07-02,685011,IZAizakaya,852-25221800,柯士甸道西1號ELEMENTS圓方Civic Square(頂層)R011號舖,0,0,0,0,0,0,1,0,0,0,0,0,200
2026-07-02,750746,牛品x一品手作（銅鑼灣店）新出台灣料理招牌台灣甜品奶茶招牌便當送珍珠奶茶,852-62329999,銅鑼灣登龍街1-29號金朝陽中心二期-MIDTOWN1樓,0,0,0,0,0,1,0,0,0,0,0,0,280
2026-07-02,793439,麥當勞(海富中心)McDonalds,852-25201329,金鐘夏愨道18號海富中心地下1-41號舖（請輸入4位訂單號在外賣櫃取餐）,0,0,0,0,0,0,2,0,0,0,0,0,400
2026-07-02,721421318,UG樂己(藍田)(台灣超人氣茶飲),852-23321080,香港 九龍 藍田 匯景道8號 滙景廣場4樓2A1號舖,0,0,0,0,1,0,0,0,0,0,0,0,230
2026-07-02,721424347,蛋仔記雞蛋仔,852-46799809,豉油街33號地下,2,0,0,0,0,0,0,0,0,0,0,0,58
2026-07-02,721426298,麥當勞(佐敦)McDonalds,852-23325215,九龍佐敦道31-37號地庫及地下(部分),0,0,0,0,0,0,4,0,0,0,0,0,800
2026-07-02,721433336,麥當勞(美孚廣場)McDonalds,852-21483022,九龍美孚新邨美孚廣場地下G03號舖及一樓119號舖,0,0,0,0,0,0,3,0,0,0,0,0,600
2026-07-02,721497290,KidsbayFresh新鮮輕食首選(柴灣店),852-91472910,柴灣利眾街40號富城工業大廈A座19樓A3室G室,8,0,0,0,0,0,0,0,0,0,0,0,232
2026-07-02,721512368,"麥當勞 (樂意居) McDonald's
McDonald's (Delight Court)",852-27697811,九龍土瓜灣馬頭圍道418號樂意居地下一號舖及一樓全層,0,0,0,0,0,0,2,0,0,0,0,0,400
2026-07-02,721512369,"麥當勞 (欽州街) McDonald's
McDonald's (Yen Chow)",852-27284222,九龍深水埗欽州街78-86號地下及閣樓,0,0,0,0,0,0,2,0,0,0,0,0,400
2026-07-02,721512370,"麥當勞 (九龍站) McDonald's
McDonald's (Kowloon Station)",852-23750161,九龍機鐵九龍站到境大堂12號B舖,0,0,0,0,0,0,1,0,0,0,0,0,200
2026-07-02,721515371,"麥當勞 (創紀之城) McDonald's
McDonald's (Millennium City)",852-22671638,"
九龍觀塘觀塘道388號創紀之城地下1A單位",0,0,0,0,0,0,2,0,0,0,0,0,400
2026-07-02,721515372,"麥當勞 (新都會廣場II) McDonald's
McDonald's (Metroplaza II)",852-24224134,新界葵芳興芳路223號新都會廣場5樓541號舖,0,0,0,0,0,0,4,0,0,0,0,0,800
2026-07-02,721517368,麥當勞 (富昌) McDonald's,852-21424961,九龍深水埗南昌薈1樓128至129號舖,0,0,0,0,0,0,4,0,0,0,0,0,800
2026-07-02,721520366,麥當勞 (屯門時代廣場 II) McDonald's,852-24413628,新界屯門屯合街2號時代廣場南翼第三層13及14號舖,0,0,0,0,0,0,2,0,0,0,0,0,400
2026-07-02,721522291,McDonald's (Trend Plaza II),852-51801980,忠孝街60愛民邨愛民街市地下W32號舖,4,0,0,0,0,0,0,0,0,0,0,0,116
2026-07-02,721526348,有營站HealthGoal每月不同套餐大大份新鮮蔬菜,852-69948988,"PORT. A6, 1/F 148 WING LOK ST, SHEUNG WAN",0,0,0,0,0,0,1,0,0,0,0,0,200
2026-07-02,721527333,炸物公社(新店開業全場買一送一),852-52854555,香港德輔道西103號樂基商業中心1樓，18號,0,0,0,0,1,0,0,0,0,0,0,0,230
2026-07-02,721531373,麥當勞 (幸福商場) McDonald's,852-27583292,九龍長沙灣幸祥街8號幸福邨幸福商場1樓111舖,0,0,0,0,0,0,4,0,0,0,0,0,800
2026-07-02,721537356,沁喜,852-64335293,崇潔街,0,1,0,0,0,0,0,0,0,0,0,0,22
2026-07-02,721538395,"麥當勞 (將軍澳中心II) McDonald's
McDonald's (Park Central II)
ID 721538395
 · KA團隊
 門市編",852-27870201,新界西貢將軍澳唐德街9號將軍澳中心地下G33號舖,0,0,0,0,0,0,2,0,0,0,0,0,400
2026-07-02,721539368,"麥當勞 (華富) McDonald's
McDonald's (Wah Fu)","
852-25518135",香港華富(I)邨華富(I)商場1A舖,0,0,0,0,0,0,2,0,0,0,0,0,400
2026-07-02,721490292,CHAHOLIC茶可里（觀塘）阿拉比卡咖啡日本湯種貝果,852-69990248,九龍觀塘巧明街98號三布目L8層811舖部分,0,0,0,0,0,0,0,2,0,0,0,0,400
2026-07-02,481390,Eaaathere,852-24486738,嘉善街18號利奧坊地下G704號舖,0,2,0,0,0,0,0,0,0,0,0,0,44
2026-07-02,721490292,CHAHOLIC茶可里（觀塘）阿拉比卡咖啡日本湯種貝果,852-69990248,九龍觀塘巧明街98號三布目L8層811舖部分,0,0,0,0,0,0,0,2,0,0,0,0,400
2026-07-03,463458,SeoulNoodles,852-93601546,"Ground floor,No.23 Granville Road,Tsim Sha Tsui,HK",4,4,0,0,0,0,0,0,0,0,0,0,204
2026-07-03,584928,AlDente意式情迷士丹頓街,852-28695463,中環蘇豪士丹頓街16號地舖,8,0,0,0,0,0,0,0,0,0,0,0,232
2026-07-03,576494,MonsieurCHATT(上環)全新推出性價比極高一人健康餐,852-31058077,蘇杭街91號地舖,0,0,0,0,0,0,2,0,0,0,0,0,400
2026-07-03,721520320,ItalianCorner東涌即製手工意粉超值全日套餐仲有超正Tiramisu,852-64055606,東涌達東路東薈城7樓704號舖食代館8及8A號檔,2,0,0,0,0,0,1,0,0,0,0,0,258
2026-07-03,482751,PokeHeartBuildyourownBowl,852-59268562,中環結志街45號新中環大廈地下G鋪,0,0,0,0,0,0,2,0,0,0,0,0,400
2026-07-03,580691,TruefitDeli有菜又有肉健康由我做,852-92116794,夏慤道12號美國銀行中心地下G10號舖,0,0,0,0,0,0,2,2,0,0,0,0,800
2026-07-03,455517,NoodFood(K11MUSEA),852-22985456,尖沙咀梳士巴利道18號 K11 MUSEA 6樓611,0,0,0,0,0,0,1,0,0,0,0,0,200
2026-07-03,495029,PretAManger(Infinitus無限極廣場),852-24652055,香港中環德輔道中199號無限極廣場1樓109-110號舖,0,0,0,0,0,0,1,0,0,0,0,0,200
2026-07-03,408910,CrispiBun,852-62000151,尖沙咀漆咸道南29-31號溫莎大廈地12A號舖,0,5,0,0,0,0,0,0,0,0,0,0,110
2026-07-03,471764,FlatIronSteak(SoHo),852-98421883,"G/F, Al Aqmar House, 30 Hollywood Rd, Central, Hong Kong",0,0,0,0,0,0,1,0,0,0,0,0,200
2026-07-03,495025,NoodFood(中國工商銀行大廈),852-36913983,中環花園道3號花旗銀行廣場中國工商銀行大廈3樓,0,0,0,0,0,0,1,0,0,0,0,0,200
2026-07-03,579787,NoodFood(太古坊),852-36913965,鰂魚涌英皇道979號太古坊電訊盈科中心5樓,0,0,0,0,0,0,1,0,0,0,0,0,200
2026-07-03,472081,PretAManger(港鐵旺角東站),852-21649711,九龍港鐵旺角東站MKK6舖,0,0,0,0,0,0,1,0,0,0,0,0,200
2026-07-03,576504,PretAManger(FestivalWalk又一城),852-39745795,九龍九龍塘達之路80號又一城 G層(半層) KIOSK-S1及S2,0,0,0,0,0,0,1,0,0,0,0,0,200
2026-07-03,600404,CheekyBuns(中環),852-25812128,香港中環閣麟街45-47號祥暉大廈5B地舖,0,0,0,0,0,0,1,0,0,0,0,0,200
2026-07-03,408884,麥當勞(新望大廈)McDonalds,852-23917608,九龍旺角彌敦道763-767號新望大廈地庫及地下入口,0,0,0,0,0,0,1,0,0,0,0,0,200
2026-07-03,450880,SheerCoffee(必試單品咖啡吐司小吃),852-55436943,香港中環卑利街18b號,0,0,0,0,0,0,1,0,0,0,0,0,200
2026-07-03,455433,麥當勞(置富花園)McDonalds,852-28753720,香港簿扶林置富南區廣場四樓426-432號舖,0,0,0,0,0,0,2,0,0,0,0,0,400
2026-07-03,458879,麥當勞(景光)McDonalds,852-28920197,香港跑馬地景光街19-21號珍慶閣地下A舖,0,0,0,0,0,0,2,0,0,0,0,0,400
2026-07-03,462066,麥當勞(太和)McDonalds,852-26509136,新界大埔太和邨太和商場102號舖,0,0,0,0,0,0,2,0,0,0,0,0,400
2026-07-03,462067,麥當勞(油麗)McDonalds,852-24898777,九龍油塘茶果嶺道油麗邨油麗商場地下5及6號舖,0,0,0,0,0,0,3,0,0,0,0,0,600
2026-07-03,463442,麥當勞（美林）McDonalds,852-26975951,大圍美田路30號美林商場1樓96號舖,0,0,0,0,0,0,4,0,0,0,0,0,800
2026-07-03,468415,炑八韓烤(青衣城),852-28950370,青衣青敬路31-33號青衣城1 1樓119B號舖,0,0,0,0,0,2,2,0,0,0,0,0,960
2026-07-03,468475,麥當勞(錦泰)McDonalds,852-31248656,新界馬鞍山錦泰商場一樓102號舖,0,0,0,0,0,0,1,0,0,0,0,0,200
2026-07-03,468652,MIRRORBURGER（天后）,852-96252052,"Shop I, G/F , PO WING BUILDING, 1A MERLIN STREET, TIN HAU, HONG KONG",0,10,0,0,0,0,0,0,0,0,0,0,220
2026-07-03,471844,麥當勞(Airside)McDonalds,852-27453698,香港九龍啟德協調道2號AIRSIDE 地庫B1層B117號舖,0,0,0,0,0,0,2,0,0,0,0,0,400
2026-07-03,472046,麥當勞(德田)McDonalds,852-27178546,九龍藍田德田商場一樓104A號舖,0,0,0,0,0,0,3,0,0,0,0,0,600
2026-07-03,474936,麥當勞(怡和街)McDonalds,852-25778240,"香港銅鑼灣怡和街46-54號地下(部分), 1樓及2樓",0,0,0,0,0,0,3,0,0,0,0,0,600
2026-07-03,475056,麥當勞(荃灣廣場II)McDonalds,852-24115973,新界荃灣大壩街4-30號荃灣廣場第五層511-512及511-512A號舖,0,0,0,0,0,0,2,0,0,0,0,0,400
2026-07-03,475088,麥當勞(大圍)McDonalds,852-26089197,新界大圍大圍道37-47號耀寶大廈地下1號鋪及1樓全層,0,0,0,0,0,0,4,0,0,0,0,0,800
2026-07-03,475272,麥當勞(秦石)McDonalds,852-25275195,新界沙田盛田街1號秦石邨秦石商場地下8+9號舖,0,0,0,0,0,0,1,0,0,0,0,0,200
2026-07-03,484913,麥當勞(景峰花園)McDonalds,852-24412180,"新界屯門景峰徑2號景峰花園地下G23, G25-G27號舖",0,0,0,0,0,0,2,0,0,0,0,0,400
2026-07-03,485142,Suage北海道湯咖哩,852-26222388,亞皆老街8號朗豪坊4A樓1號舖,0,0,0,0,0,0,1,0,0,0,0,0,200
2026-07-03,488206,麥當勞(廣福)McDonalds,852-26535348,新界大埔廣福邨廣福邨商業中心第P316號舖,0,0,0,0,0,0,2,0,0,0,0,0,400
2026-07-03,489523,simplylife(中環),852-25379190,中環花園道3號冠君大廈LG樓6號舖,0,6,0,0,0,0,5,0,0,0,0,0,1132
2026-07-03,491488,麥當勞(天瑞)McDonalds,852-24458365,新界元朗天水圍天瑞邨(I&II)天瑞商場地下G1B號舖,0,0,0,0,0,0,4,0,0,0,0,0,800
2026-07-03,491674,麥當勞(長康)McDonalds,852-21466914,新界青衣長康邨長康商場一期地下101號舖,0,0,0,0,0,0,4,0,0,0,0,0,800
2026-07-03,560146,GALBIGUNG,852-26081198,大圍車公廟路18號圍方3樓331號舖,0,0,0,0,0,1,0,0,0,0,0,0,280
2026-07-03,575001,翠園(葵青劇院),852-26186887,葵芳興寧路12號葵青劇院地下1號舖,0,0,0,0,0,0,1,0,0,0,0,0,200
2026-07-03,576559,柞木炭家(旺角）,852-52999023,旺角彌敦道700號T.O.P This is Our Place 5樓501號舖,0,0,0,0,0,2,0,0,0,0,0,0,560
2026-07-03,576566,麥當勞(俊宏軒)McDonalds,852-28115481,新界元朗天瑞路88號俊宏軒地下G5-G7號舖,0,0,0,0,0,0,7,0,0,0,0,0,1400
2026-07-03,589645,十勝牛和食料理(濕地公園),852-24139288,天水圍濕地公園路1號Wetland Seasons Bay地下8A號舖,10,10,0,0,0,0,0,0,0,0,0,0,510
2026-07-03,594115,元氣壽司(恆福商業中心)GenkiSushi,852-27360019,佐敦彌敦道221B-E號恆福商業中心地庫B2舖,0,0,0,0,1,0,0,0,0,0,0,0,230
2026-07-03,607799,麥當勞(石蔭)McDonalds,852-22760880,新界葵涌石蔭邨石蔭商場LG二樓LG213及214號舖,0,0,0,0,0,0,3,0,0,0,0,0,600
2026-07-03,714605,添好運（沙田新城市）,852-23850955,新界沙田沙田正街18-19號新城市廣場一期4樓455號舖,0,0,0,0,0,0,2,0,0,0,0,0,400
2026-07-03,721426291,営丼Eidon,852-31881019,上水龍琛路39號上水廣場5樓502B號舖,0,0,0,0,0,0,2,0,0,0,0,0,400
2026-07-03,721429366,華御結(何文田廣場),852-62362017,九龍 何文田佛光街80號何文田廣場2樓220號舖,0,2,0,0,0,0,0,0,0,0,0,0,44
2026-07-03,721429406,呂錦記手撕雞（葵芳店）,852-67621138,新界葵芳盛芳街38-44號寬德大廈地下11號A舖,0,0,0,0,0,1,0,0,0,0,0,0,280
2026-07-03,721442321,麥當勞(朗景臺)McDonalds,852-27927555,新界元朗馬田路50號 朗景臺第二座 地下13-19號舖,0,0,0,0,0,0,4,0,0,0,0,0,800
2026-07-03,721448338,Vegology健康輕食餐x沙律碗高蛋白質低卡（粵海華美彎際酒店）,852-62371164,香港灣仔駱克道57-73號香港華美粤海酒店地下A及B部份,0,0,0,0,0,0,2,0,0,0,0,0,400
2026-07-03,721483290,YoYogurt(南昌),852-57021136,南昌V walk 2樓L2-13店,0,0,0,0,1,0,0,0,0,0,0,0,230
2026-07-03,721512371,麥當勞(康城)McDonalds,852-27951806,新界西貢將軍澳康城路1號The LOHAS 康城4樓431A號舖,0,0,0,0,0,0,3,0,0,0,0,0,600
2026-07-03,721515370,麥當勞(麗港城)McDonalds,852-23463285,九龍觀塘麗港城麗港城商場地下6-9號舖,0,0,0,0,0,0,1,0,0,0,0,0,200
2026-07-03,721517367,麥當勞(沙咀道)McDonalds,852-24122134,新界荃灣沙咀道270-276號廣發大廈一樓及地下,0,0,0,0,0,0,4,0,0,0,0,0,800
2026-07-03,721520367,麥當勞(南豐)McDonalds,852-24111531,新界荃灣青山道264-298號南豐中心中三樓301號舖,0,0,0,0,0,0,1,0,0,0,0,0,200
2026-07-03,721523396,廈香記,852-65057714,九龍觀塘偉業街221號美德工業大廈F座10樓B室,4,0,0,0,0,0,0,0,0,0,0,0,116
2026-07-03,721527297,小休亭新店,852-66022155,新界沙田大圍第187丈量约份第597號地段上口村地下105號,0,0,0,0,0,1,0,0,0,0,0,0,280
2026-07-03,721527368,麥當勞(海港城)McDonalds,852-37047246,港威大廈四階4002號舖,0,0,0,0,0,0,1,0,0,0,0,0,200
2026-07-03,721531310,一碗賭上廚師生涯的炒飯（荔枝角店）,852-55416531,九龍長沙灣長裕街2號嘉圖工廠大廈1樓D室11號廚房,0,0,0,0,2,0,0,0,0,0,0,0,460
2026-07-03,721534385,麥當勞(海之戀商場)McDonalds,852-24675221,新界荃灣大河道100號海之戀商場2樓2029號舖,0,0,0,0,0,0,5,0,0,0,0,0,1000
2026-07-03,721536377,麥當勞(藍田)McDonalds,852-23795337,九龍茶果嶺東NKIL6046匯景花園26號1號舖,0,0,0,0,0,0,3,0,0,0,0,0,600
2026-07-03,721538394,麥當勞(信德中心)McDonalds,852-29758367,香港干諾道中200號信德中心二樓267號舖,0,0,0,0,0,0,2,0,0,0,0,0,400
2026-07-03,721539350,Drool(中環店)(夏日熱辣辣食雪糕解暑),852-63103908,香港中環伊利近街懷遠樓地下,0,0,1,0,0,0,0,0,0,0,0,0,150
2026-07-03,721540366,麥當勞(大埔道)McDonalds,852-27884876,九龍大埔道132-134號康寶大廈地下,0,0,0,0,0,0,1,0,0,0,0,0,200
2026-07-03,721540368,晉利新店早餐多選擇街坊小菜美食沙漠嘅綠洲,852-61786265,香港小西灣小西灣道28號藍灣廣場地下12及15號鋪,5,0,0,0,0,0,0,0,0,0,0,0,145
2026-07-03,721540375,Kitchen99(港式冰室優惠客飯),852-96784048,新界元朗安興街59-67號安泰樓地下5號舖,2,0,0,0,0,0,0,0,0,0,0,0,58
2026-07-06,472859,SeoulNoodles超濃牛骨湯韓式刀削麵,852-44216343,謝斐道482號兆安廣場地下4-6號舖,0,6,0,0,0,0,0,0,0,0,0,0,132
2026-07-06,464838,快樂蜂(家壹)Jollibee(TheAddition),852-26778332,長沙灣元州街342-356號家壹1樓12號舖,0,0,0,0,0,0,2,0,0,0,0,0,400
2026-07-06,458440,韓脈HanmatKoreanBBQRestaurant,852-25116316,麼地道68號帝國中心地下高層UG43號舖,0,0,0,0,1,0,0,0,0,0,0,0,230
2026-07-06,721428306,ThaiSalad正宗風味泰菜,852-54069216,柴灣道350號樂軒臺地下213號鋪,0,0,0,0,0,0,1,0,0,0,0,0,200
2026-07-06,589649,NoodFoodCafe(荷李活道),852-36913271,中環蘇豪荷李活道32號建業榮基中心2樓,0,0,0,0,0,0,1,0,0,0,0,0,200
2026-07-06,460960,SOUTHLANE(ShekTongTsui),852-57448390,石塘咀南里14號地舖,0,0,0,0,0,0,1,0,0,0,0,0,200
2026-07-06,744191,NBURGER（堅尼地城）,852-60950218,西環堅尼地城爹核士街1號裕福大廈地下2號及3號舖,0,0,2,2,0,0,0,0,0,0,0,0,660
2026-07-06,721515338,TheLasagnaFactory上環意式經典千層麵之家意大利最傳統的美味,852-98421883,上環荷李活道208號地鋪,0,0,0,0,0,0,3,0,0,0,0,0,600
2026-07-06,488415,NoodFoodCafe(永豐街),852-22985310,灣仔永豐街3-11號樂滿大廈1樓,0,0,0,0,0,0,2,0,0,0,0,0,400
2026-07-06,724456,ThePizzaPig(將軍澳),852-26119791,澳南海岸唐俊街23號MONTEREY Place 地下G10-11號舖,0,0,0,0,0,0,2,0,0,0,0,0,400
2026-07-06,392451,麥當勞（西洋菜）McDonalds,852-23842728,"九龍旺角彌敦道612-618號好望角大廈地下(部分)及地庫G/F (part) and basement of Good Hope Building, 612-618 Nathan Road, Mongkok, Kowloon",0,0,0,0,0,0,3,0,0,0,0,0,600
2026-07-06,408882,麥當勞(奧海城二期II)McDonalds,852-27404145,"九龍奧海城奧海城二期地面 G40, G41 及 G42 號舖",0,0,0,0,0,0,2,0,0,0,0,0,400
2026-07-06,415463,麥當勞（大角咀）McDonalds,852-23911830,"九龍大角咀道97-105大同新邨大方樓地下J1，J2號舖舆一樓J1號舖Shop J1, J2, G/F, Tai Fong House, Cosmopolitan Estate, 97-105 Tai Kok Tsui Road, Kowloon",0,0,0,0,0,0,6,0,0,0,0,0,1200
2026-07-06,448374,麥當勞（寶勒巷）McDonalds,852-23694398,寶勒巷3號萬事昌廣場地下1號舖,0,0,0,0,0,0,4,0,0,0,0,0,800
2026-07-06,448619,麥當勞(干諾道中)McDonalds,852-24786588,香港干諾道中30-32號莊氏大廈地下高層舆地下底層,0,0,0,0,0,0,3,0,0,0,0,0,600
2026-07-06,448903,麥當勞(寶達)McDonalds,852-21904206,九龍觀塘寶達邨寶達商場2樓206號舖,0,0,0,0,0,0,6,0,0,0,0,0,1200
2026-07-06,449037,銀杏館銀杏時光(有機健康之選),852-59057930,基利路7號太吉樓地下4及5號舖,0,0,0,0,0,1,0,0,0,0,0,0,280
2026-07-06,450300,麥當勞（赤柱廣場II）McDonalds,852-28130655,香港赤柱佳美道23號赤柱廣場地下G02及G03號舖,0,0,0,0,0,0,4,0,0,0,0,0,800
2026-07-06,450672,麥當勞(長亨)McDonalds,852-24975055,新界青衣長亨邨長亨商場LG1樓115-117號舖,0,0,0,0,0,0,2,0,0,0,0,0,400
2026-07-06,451842,本延鍋物（灣仔）PanyinShabu,852-98823061,謝斐道379-389號特麗樓地下6-7號舖,0,0,0,0,0,1,0,0,0,0,0,0,280
2026-07-06,451899,鐵板神蒜福星高照二人套餐,852-97199907,東涌逸東街8號逸東商場地下逸東街市7號舖,0,0,0,0,0,0,1,0,0,0,0,0,200
2026-07-06,452066,麥當勞(新屯門)McDonalds,852-24683707,新界屯門龍門路55-65號新屯門中心商場2樓9-11號舖,0,0,0,0,0,0,4,0,0,0,0,0,800
2026-07-06,452189,麥當勞(厚德II)McDonalds,852-27043722,新界西貢將軍澳常寧路2號TKO Gateway西翼一樓W102號舖,0,0,0,0,0,0,4,0,0,0,0,0,800
2026-07-06,452355,7Eleven（九龍塘又一樓）1820,852-23752296,"九龍九龍塘花圃街11-11C號, 達之路26,26A,28&28A號 及雀橋街2-6號, 又一樓地下10號舖",3,0,0,0,0,0,0,0,0,0,0,0,87
2026-07-06,453571,麥當勞（MontereyPlace）McDonalds,852-24217677,新界西貢將軍澳唐俊街23號MONTEREY PLACE地下 G16號鋪,0,0,0,0,0,0,4,0,0,0,0,0,800
2026-07-06,454353,龍順軒海鮮酒家（欣田）全部即叫即整朝早黎叫點心夜晚一家大細食小菜,852-91620448,欣田邨欣田商場1樓101號舖,10,0,0,0,0,0,0,0,0,0,0,0,290
2026-07-06,454941,麥當勞（興華）McDonalds,852-29581556,九龍深水埗元州街416號地下,0,0,0,0,0,0,4,0,0,0,0,0,800
2026-07-06,455146,越蘆越南牛肉粉(上環)招牌越南粉,852-27827999,上環皇后大道西2-12號聯發商業中心地下B號舖,0,0,0,0,0,2,0,0,0,0,0,0,560
2026-07-06,455280,麥當勞(尚德)McDonalds,852-21780769,新界將軍澳尚德邨TKO Spot2樓216號舖,0,0,0,0,0,0,7,0,0,0,0,0,1400
2026-07-06,458764,citysuperDeli(沙田),852-22773216,沙田新城市廣場一期2樓204-214號鋪,1,0,0,0,0,0,0,0,0,0,0,0,29
2026-07-06,458880,麥當勞(TheSouthside)McDonalds,852-23801378,香港黃竹坑香葉道11號 THE SOUTHSIDE 地下 G01 號舖,0,0,0,0,0,0,2,0,0,0,0,0,400
2026-07-06,462068,麥當勞(皇后山)McDonalds,852-26872223,新界粉嶺皇后山邨皇后山商場地下11號舖,0,0,0,0,0,0,2,0,0,0,0,0,400
2026-07-06,462094,麥當勞(街市街)McDonalds,852-24122134,新界荃灣荃灣市地段81川龍街22號地下及1樓及街市街10-16號地下及閣樓,0,0,0,0,0,0,2,0,0,0,0,0,400
2026-07-06,462095,麥當勞(長發)McDonalds,852-24338156,新界青衣長發商場407A and 407B號舖,0,0,0,0,0,0,4,0,0,0,0,0,800
2026-07-06,462212,麥當勞(太安樓)McDonalds,852-29679830,香港筲箕灣筲箕灣道57-87號及太安街15號太安樓地下G32-G34號舖,0,0,0,0,0,0,10,0,0,0,0,0,2000
2026-07-06,462214,手作功夫茶（西菁街順泰大廈店）,852-55075220,西菁街10號好順泰大廈地下2B號舖,0,0,0,0,0,1,0,0,0,0,0,0,280
2026-07-06,465094,遇見您Encounter(前酒店大廚主理性價比之選),852-28892238,漆咸道北423-433號怡輝大廈地下1號舖,0,10,0,0,0,0,0,0,0,0,0,0,220
2026-07-06,465331,即叫即整首單全單8折GhettoBurger(SmashBurger)手工漢堡包專門店,852-92578376,黑布街13號地舖,0,0,0,0,0,0,3,0,0,0,0,0,600
2026-07-06,465351,麥當勞(馬頭圍)McDonalds,852-22468290,九龍土瓜灣馬頭圍道207-211號海悅廣場地下1號舖,0,0,0,0,0,0,6,0,0,0,0,0,1200
2026-07-06,465488,麥當勞(美孚)McDonalds,852-27862178,九龍美孚新邨萬事達廣場地下N60A號店,0,0,0,0,0,0,10,0,0,0,0,0,2000
2026-07-06,465489,麥當勞(般咸道)McDonalds,852-25461671,香港般咸道51-53號好景洋樓地下A-C及低層地下,0,0,0,0,0,0,4,0,0,0,0,0,800
2026-07-06,467136,麥當勞(興華邨II)McDonalds,852-29769865,香港柴灣環翠道11號興華(一)邨興華廣場1樓109A號舖,0,0,0,0,0,0,4,0,0,0,0,0,800
2026-07-06,467391,段純貞牛肉麵(THESOUTHSIDE),852-21170637,黃竹坑香葉道11號THE SOUTHSIDE 2樓205號舖,0,0,0,0,0,1,0,0,0,0,0,0,280
2026-07-06,468687,NaraThaiCuisine新城市廣場,852-31881138,沙田正街18號新城市廣場一期5樓507號舖,0,0,0,0,0,0,2,0,0,0,0,0,400
2026-07-06,471376,麥當勞（紅磡灣中心）McDonalds,852-23622034,紅磡灣街2-8號紅磡灣中心地下8號舖,0,0,0,0,0,0,2,0,0,0,0,0,400
2026-07-06,471760,麥當勞(鯉魚門廣場)McDonalds,852-31940307,九龍油塘鯉魚門廣場二樓201號舖位,0,0,0,0,0,0,2,0,0,0,0,0,400
2026-07-06,471908,麥當勞(元朗貿易中心)McDonalds,852-24748088,新界元朗青山道99-109號元朗貿易中心地下五號舖及一樓二樓,0,0,0,0,0,0,4,0,0,0,0,0,800
2026-07-06,472047,麥當勞(山景)McDonalds,852-24641660,新界屯門山景邨山景商場124號舖,0,0,0,0,0,0,4,0,0,0,0,0,800
2026-07-06,474092,TheMatchaTokyo(中環),852-39621107,中環皇后大道中80號H Queen's高層地下3號舖,0,0,0,0,0,0,0,0,2,0,0,0,400
2026-07-06,475182,麥當勞(余道生)McDonalds,852-25263770,香港皇后大道中37號余道生大廈地庫,0,0,0,0,0,0,4,0,0,0,0,0,800
2026-07-06,475183,麥當勞(花都廣場)McDonalds,852-26826084,"新界粉嶺百和路88號花都廣場地下91A, 93-95號舖",0,0,0,0,0,0,2,0,0,0,0,0,400
2026-07-06,475213,citysuperDeli(中環),852-22773215,"Shop 1041-1049, 1/F, International Finance Centre Mall, 1 Harbour View Street, Central",1,0,0,0,0,0,0,0,0,0,0,0,29
2026-07-06,478121,麥當勞(麗晶商場)McDonalds,852-27590623,宏光道80號麗晶商場2樓218-1號舖,0,0,0,0,0,0,1,0,0,0,0,0,200
2026-07-06,478372,麥當勞(華樂)McDonalds,852-24591736,"新界屯門屯門市地段152號,青山坊2號華樂大廈地下16, 17, 21A(部份)及21B號舖",0,0,0,0,0,0,2,0,0,0,0,0,400
2026-07-06,478373,麥當勞(駿景廣場)McDonalds,852-26348734,"新界沙田火炭駿景路1號駿景廣場地下G83A, G84-G85號舖",0,0,0,0,0,0,2,0,0,0,0,0,400
2026-07-06,479664,7Eleven（北角康澤花園）1853,852-25190318,香港北角英皇道238號康澤花園部份地下,0,0,0,0,1,0,0,0,0,0,0,0,230
2026-07-06,479668,7Eleven（東堤灣畔）0565,852-24036842,香港東涌東堤灣畔第六座地下13號舖位。,0,0,0,0,0,0,1,0,0,0,0,0,200
2026-07-06,481260,TheMatchaTokyo(K11),852-39621107,尖沙咀K11 Art Mall地庫2樓B201號鋪,0,0,0,1,0,0,0,0,0,0,0,0,180
2026-07-06,481762,麥當勞(天耀II)McDonalds,852-24460375,新界元朗天水圍天湖路天耀邨天耀商場地下L011號舖,0,0,0,0,0,0,8,0,0,0,0,0,1600
2026-07-06,481791,citysuperDeli(銅鑼灣),852-22773214,銅鑼灣時代廣場底牢1層,2,0,0,0,0,0,0,0,0,0,0,0,58
2026-07-06,483032,GreyhoundCafe(又一城),852-23834838,九龍塘達之路80號又一城L2樓L2-42號舖,0,3,0,0,0,0,0,0,0,0,0,0,66
2026-07-06,484577,麥當勞(駿發花園)McDonalds,852-27809361,九龍油麻地眾坊街3號駿發花園戲院樓地下G2號舖,0,0,0,0,0,0,3,0,0,0,0,0,600
2026-07-06,484653,麥當勞(駿業街)McDonalds,852-37096983,九龍觀塘駿業街56號中海日昇中心1樓K號鋪,0,0,0,0,0,0,2,0,0,0,0,0,400
2026-07-06,485057,麥當勞(南康)McDonalds,852-28849853,香港筲箕灣南康街18號康華大廈地下低層4號舖,0,0,0,0,0,0,4,0,0,0,0,0,800
2026-07-06,485244,麥當勞(NovoWalk)McDonalds,852-26378011,"新界屯門欣寶路8號NOVO LAND,NOVO WALK地下39號舖",0,0,0,0,0,0,8,0,0,0,0,0,1600
2026-07-06,487246,TheMatchaTokyo(APM),852-27126118,觀塘觀塘道418號創紀之城五期(apm)1樓L1-9B號舖,0,0,0,1,0,0,0,0,0,0,0,0,180
2026-07-06,488208,麥當勞(映灣園)McDonalds,852-28667995,香港大嶼山東涌健東路1號映灣園映灣薈平台1樓29及30號舖,0,0,0,0,0,0,4,0,0,0,0,0,800
2026-07-06,491125,麺屋KokoroTokyoMazesoba（沙田）東京名店連續多年外賣冠軍,852-63828446,沙田正街18號新城市廣場一期7樓704號舖,0,0,0,0,0,0,1,0,0,0,0,0,200
2026-07-06,491490,麥當勞(綠楊坊)McDonalds,852-24022527,新界荃灣綠楊坊二樓S1-2號舖,0,0,0,0,0,0,2,0,0,0,0,0,400
2026-07-06,491491,麥當勞(海悅豪園)McDonalds,852-22744106,新界將軍澳培成路十八號海悅豪園地下九號舖,0,0,0,0,0,0,6,0,0,0,0,0,1200
2026-07-06,491527,芝加哥串燒酒場宵夜首選(太和中心),852-57233338,太和大埔太和路15號太和中心地下37號舖,0,0,0,0,0,0,3,0,0,0,0,0,600
2026-07-06,491656,日嚐慢煮生活(高質日本料理),852-66761236,明安街10號寶石戲院地下F號舖,0,0,0,1,0,0,0,0,0,0,0,0,180
2026-07-06,491668,麥當勞(彌敦行)McDonalds,852-23851611,九龍油麻地彌敦道518-520號彌敦行地下A及C舖,0,0,0,0,0,0,4,0,0,0,0,0,800
2026-07-06,491795,麥當勞(沙田商業中心)McDonalds,852-21454123,新界沙田火炭山尾街18-24號沙田商業中心地下1及2號舖,0,0,0,0,0,0,4,0,0,0,0,0,800
2026-07-06,494396,麥當勞(鴨寮街)McDonalds,852-23864460,"九龍深水埗北河街104號及鴨寮街178號新北河大廈閣樓A,B,C,D,E及F單位",0,0,0,0,0,0,2,0,0,0,0,0,400
2026-07-06,494425,麥當勞(恆盛II)McDonalds,852-27804073,九龍油麻地彌敦道363-373號恒成大廈地下B舖,0,0,0,0,0,0,2,0,0,0,0,0,400
2026-07-06,495013,銀杏館婆婆廚房健康有機,852-26631998,高超道38號大本型空中花園R01號舖,0,0,0,0,0,1,0,0,0,0,0,0,280
2026-07-06,495107,7Eleven（元朗朗壹廣場）1839,852-26826581,香港新界 康業街 8 號 朗壹廣場 地下 G08-G09 號舖,0,0,0,0,0,0,1,0,0,0,0,0,200
2026-07-06,560153,麥當勞(亞皆老街)McDonalds,852-23962415,九龍旺角亞皆老街105號地下及閣樓,0,0,0,0,0,0,2,0,0,0,0,0,400
2026-07-06,561774,麥當勞(萬廸廣場)McDonalds,852-22670798,九龍新蒲崗大有街3號萬廸廣場地下F及 G舖,0,0,0,0,0,0,4,0,0,0,0,0,800
2026-07-06,566732,麥當勞(坪石)McDonalds,852-22527938,九龍牛池灣坪石村停車場 G1號舖,0,0,0,0,0,0,2,0,0,0,0,0,400
2026-07-06,567722,雲貴軒米線專門店(葵芳廣場),852-24423388,葵芳興芳路177號葵芳廣場1樓111及111A號舖,0,0,0,0,0,0,1,0,0,0,0,0,200
2026-07-06,570009,麥當勞(榮芳)McDonalds,852-29449196,新界葵涌榮芳路1-5號地下舖,0,0,0,0,0,0,3,0,0,0,0,0,600
2026-07-06,570010,麥當勞(晴朗)McDonalds,852-23820518,九龍九龍城沐翠街晴朗商場地下B001號舖,0,0,0,0,0,0,5,0,0,0,0,0,1000
2026-07-06,573224,麥當勞(置富嘉湖II)McDonalds,852-26174329,新界天水圍天恩路12-18號嘉湖(一期)地下G57B &G57C號舖及外座區G57A,0,0,0,0,0,0,2,0,0,0,0,0,400
2026-07-06,576565,麥當勞(衛城道)McDonalds,852-29152623,香港半山衛城道3號至3號A地下下層,0,0,0,0,0,0,10,0,0,0,0,0,2000
2026-07-06,576566,麥當勞(俊宏軒)McDonalds,852-28115481,新界元朗天瑞路88號俊宏軒地下G5-G7號舖,0,0,0,0,0,0,8,0,0,0,0,0,1600
2026-07-06,578205,麥當勞(寶怡花園)McDonalds,852-24645711,新界屯門良德街11號寶怡花園商場地下1-2號舖,0,0,0,0,0,0,2,0,0,0,0,0,400
2026-07-06,578206,麥當勞(愛東)McDonalds,852-25604242,香港筲箕灣愛東邨愛東商場地下11號舖,0,0,0,0,0,0,2,0,0,0,0,0,400
2026-07-06,583155,麥當勞(彩明)McDonalds,852-34095352,新界將軍澳彩明苑彩明商場271 及272 號舖,0,0,0,0,0,0,8,0,0,0,0,0,1600
2026-07-06,589645,十勝牛和食料理(濕地公園),852-24139288,天水圍濕地公園路1號Wetland Seasons Bay地下8A號舖,10,8,0,0,0,0,0,0,0,0,0,0,466
2026-07-06,589658,麥當勞(CausewayBayIII)McDonalds,852-28913503,香港銅鑼灣波斯富街24-30號寶漢大廈地下C2 & C3號舖部分及地庫全層,0,0,0,0,0,0,2,0,0,0,0,0,400
2026-07-06,596292,麥當勞(皇后大道中)McDonalds,852-25418667,香港上環皇后大道中287-299號QRC299地下2A&2B舖,0,0,0,0,0,0,2,0,0,0,0,0,400
2026-07-06,597923,麥當勞(青衣城II)McDonalds,852-24364742,新界青衣青敬路31 號青衣城地下G36-37號鋪,0,0,0,0,0,0,1,0,0,0,0,0,200
2026-07-06,599598,GYOJASANG,852-28809868,銅鑼灣加寧街1-3號Fashion Walk地下C號舖,0,3,0,0,0,0,0,0,0,0,0,0,66
2026-07-06,600655,元氣壽司(屯門市廣場)GenkiSushi,852-24597388,屯門屯門市廣場一期三樓 3206舖,0,0,0,0,2,0,0,0,0,0,0,0,460
2026-07-06,602874,SULJIB,852-35802798,銅鑼灣勿地臣街1號時代廣場13樓1302號舖,0,0,0,0,0,1,0,0,0,0,0,0,280
2026-07-06,604045,麥當勞(星凱堤岸)McDonalds,852-24805633,新界沙田火炭坳背灣街1號星凱堤岸2樓201號鋪,0,0,0,0,0,0,2,0,0,0,0,0,400
2026-07-06,606088,麥當勞(莊士敦)McDonalds,852-25914351,香港灣仔莊士敦道178-186號舖華懋莊士敦廣場地下2號舖,0,0,0,0,0,0,3,0,0,0,0,0,600
2026-07-06,609417,麥當勞(西貢)McDonalds,852-27925585,新界西貢親民街西貢花園地下1-3號舖,0,0,0,0,0,0,6,0,0,0,0,0,1200
2026-07-06,609418,麥當勞(兆康苑)McDonalds,852-24649297,新界屯門兆康苑兆康商場109號舖,0,0,0,0,0,0,2,0,0,0,0,0,400
2026-07-06,611093,麥當勞(黃大仙)McDonalds,852-23221565,九龍黃大仙下邨黃大仙中心南館一樓123號舖,0,0,0,0,0,0,1,0,0,0,0,0,200
2026-07-06,668564,貢茶（長沙灣店）,852-62985891,九龍長沙灣青山道233號映築(商用部份)地下6號舖,0,0,0,0,0,0,1,0,0,0,0,0,200
2026-07-06,678445,添好運（奧海城）,852-23322896,九龍旺角海庭道18號奧海城2期地下G72A-C舖,0,0,0,0,0,0,2,0,0,0,0,0,400
2026-07-06,721421375,觸木Touchwood（精選西式料理必試推介）,852-92625636,新界葵涌華星街8號華達工業中心B座12樓7室,0,0,0,0,0,2,0,0,0,0,0,0,560
2026-07-06,721423325,六六六六火鍋小紅書熱推火鍋店,852-35636887,永興街21號地舖,0,0,1,0,0,0,0,0,0,0,0,0,150
2026-07-06,721436392,台本FORMOSA,852-93019790,"ShopF,g/fKamSingMansion,151-161JaffeRoad,WanChai,Hongkong",2,1,0,0,0,0,1,0,0,0,0,0,280
2026-07-06,721442356,麥當勞(清濤)McDonalds,852-27559822,新界粉嶺清曉路1號清濤苑清濤商場一樓101號舖,0,0,0,0,0,0,2,0,0,0,0,0,400
2026-07-06,721515369,麥當勞(真善美)McDonalds,852-27121185,"九龍土瓜灣真善美邨富寧街5, 7, 9號地舖",0,0,0,0,0,0,2,0,0,0,0,0,400
2026-07-06,721517369,麥當勞(宏開道)McDonalds,852-27117892,九龍九龍灣宏開道8號其士商業中心地下1及2號舖,0,0,0,0,0,0,2,0,0,0,0,0,400
2026-07-06,721520365,麥當勞(青山道)McDonalds,852-27088169,九龍深水埗青山道212-214號瑞麗閣地下及一樓,0,0,0,0,0,0,2,0,0,0,0,0,400
2026-07-06,721522346,魚雷沾麵,852-37533699,灣仔駱克道389號地下,1,1,0,0,0,0,0,0,0,0,0,0,51
2026-07-06,721524375,麥當勞(安定III)McDonalds,852-36151302,新界屯門屯門鄉事會路2A號安定邨愛定商場A區A-128 號舖,0,0,0,0,0,0,8,0,0,0,0,0,1600
2026-07-06,721527369,麥當勞(新都城)McDonalds,852-31945176,新界將軍澳欣景路八號新都城中心二期商場一樓1017號舖,0,0,0,0,0,0,1,0,0,0,0,0,200
2026-07-06,721528317,添好運點心專門店(Mkiki),852-23662802,九龍新蒲崗太子道東638號MIKIKI地下G11號舖,0,0,0,0,0,0,2,0,0,0,0,0,400
2026-07-06,721530372,肉餅專家一個養活兩代人的肉餅飯（新店開業糖水免費送）,852-98852845,九龍九龍灣臨興街32號美羅中心一期地下G室5號铺2號廚房,0,0,0,0,2,0,0,0,0,0,0,0,460
2026-07-06,721531373,麥當勞(幸福商場)McDonalds,852-27583292,九龍長沙灣幸祥街8號幸福邨幸福商場1樓111舖,0,0,0,0,0,0,2,0,0,0,0,0,400
2026-07-06,721532396,麥當勞(何文田廣場)McDonalds,852-22420462,九龍何文田廣場3樓319號舖,0,0,0,0,0,0,2,0,0,0,0,0,400
2026-07-06,721534383,麥當勞(愉翠)McDonalds,852-22780155,新界沙田小瀝源愉翠苑愉翠商場1樓101號舖,0,0,0,0,0,0,2,0,0,0,0,0,400
2026-07-06,721534384,麥當勞(大興)McDonalds,852-22346011,新界屯門大興街1號大興商場地下L101號舖,0,0,0,0,0,0,2,0,0,0,0,0,400
2026-07-06,721536291,東煌燒味人氣新店明爐燒味,852-68963628,香港上環皇后大道中上環市政大廈 地下sm1號店,0,2,0,0,0,0,0,0,0,0,0,0,44
2026-07-06,721537376,麥當勞(田灣)McDonalds,852-25802816,香港香港仔石排灣道81號兆暉大廈地下1及2號舖,0,0,0,0,0,0,2,0,0,0,0,0,400
2026-07-06,721539366,麥當勞(黃埔)McDonalds,852-27742777,九龍黃埔花園第11期聚寶坊地下G7A舖及地庫1樓1B12至14舖,0,0,0,0,0,0,5,0,0,0,0,0,1000
2026-07-06,721542311,AnNamBanhMi越南傳統法包（越式咖啡香茅豬肉撈檬惹味串燒斑斕糕）,852-97313278,"Shop No.B3B1&B3C,G/F Smiling Plaza 155",0,3,0,0,0,0,0,0,0,0,0,0,66
2026-07-06,721542374,麥當勞(水泉澳)McDonalds,852-27902526,新界沙田水泉澳邨水泉澳廣場G12號舖,0,0,0,0,0,0,3,0,0,0,0,0,600
2026-07-07,721511289,UP9（尼泊爾神菜）,852-96039617,偉晴街82-88號偉業大廈地下7號鋪,2,0,0,0,0,0,1,0,0,0,0,0,258
2026-07-07,471460,田浦食肉(灣仔店),852-61031592,灣仔莊士敦道28-34號莊士頓大樓地下E號舖,0,0,0,0,0,0,2,0,0,0,0,0,400
2026-07-07,496235,Greenhouse(時代廣場),852-23834022,銅鑼灣勿地臣街1號時代廣場食通天10樓1004號舖,0,0,0,0,0,2,0,0,0,0,0,0,560
2026-07-07,721486291,Honbo(灣仔店),852-63429491,"shop c, G/F, 1-3 Moon Street, 1-3 Moon St, Wan Chai, 香港",0,0,0,0,0,1,0,0,0,0,0,0,280
2026-07-07,489738,田浦食肉(北角),852-57311270,北角和富道6C號,0,0,0,0,0,0,3,0,0,0,0,0,600
2026-07-07,721431349,Nonna(黃金海岸廣場),852-55656930,香港新界屯門黃金海岸青山公路黃金海岸廣場1號地下R2座G樓,0,0,0,0,0,0,3,0,0,0,0,0,600
2026-07-07,577559,CHASKA半山堅道印度美食,852-60734268,堅道58-62號美蘭閣地下2號舖,0,2,0,0,0,0,1,0,0,0,0,0,244
2026-07-07,586368,PretAManger(Citygate東薈城),852-22953335,大嶼山東涌達東道20號東薈城 G18號舖,0,0,0,0,0,0,1,0,0,0,0,0,200
2026-07-07,389158,麥當勞（嘉業）McDonalds,852-23802850,"九龍旺角荔枝角道1號嘉業大廈地下(部分)及1樓G/F (part) & 1/F, Ka Yip Building, 1 Lai Chi Kok Road, Mongkok, Kowloon",0,0,0,0,0,0,5,0,0,0,0,0,1000
2026-07-07,448619,麥當勞(干諾道中)McDonalds,852-24786588,香港干諾道中30-32號莊氏大廈地下高層舆地下底層,0,0,0,0,0,0,2,0,0,0,0,0,400
2026-07-07,451989,MIRRORBURGER(皇后大道西),852-52923545,皇后大道西194號地舖,0,3,0,0,0,0,0,0,0,0,0,0,66
2026-07-07,452188,麥當勞(沙角)McDonalds,852-28779132,新界沙田沙角村沙角商場二樓239號舖,0,0,0,0,0,0,4,0,0,0,0,0,800
2026-07-07,452219,麥當勞(逸東)McDonalds,852-31417367,香港大嶼山東涌逸東邨逸東商場1樓104號舖,0,0,0,0,0,0,6,0,0,0,0,0,1200
2026-07-07,455430,麥當勞(士美菲路)McDonalds,852-28174130,香港堅尼地城士美菲路12F-G文光閣地下,0,0,0,0,0,0,5,0,0,0,0,0,1000
2026-07-07,455431,麥當勞(毓華)McDonalds,852-27528426,九龍慈雲山毓華街68號萬年戲院大廈地下,0,0,0,0,0,0,8,0,0,0,0,0,1600
2026-07-07,457230,麥當勞(荷李活廣場)McDonalds,852-29555187,九龍鑽石山荷李活廣場二樓216號舖,0,0,0,0,0,0,1,0,0,0,0,0,200
2026-07-07,458248,麥當勞（美居中心）McDonalds,852-27283566,元州街213號美居中心地下9-19號及23-26號舖,0,0,0,0,0,0,3,0,0,0,0,0,600
2026-07-07,458732,麥當勞(沙田萬怡酒店)McDonalds,852-26798129,新界沙田安平街1號地下1號舖,0,0,0,0,0,0,2,0,0,0,0,0,400
2026-07-07,459736,森川弁当精緻日式便當良心小店,852-23335852,夏慤道18號海富中心2樓90號舖,0,0,0,0,0,1,0,0,0,0,0,0,280
2026-07-07,461954,麥當勞(皇后大道西)McDonalds,852-28583417,香港皇后大道西265號地下,0,0,0,0,0,0,3,0,0,0,0,0,600
2026-07-07,462066,麥當勞(太和)McDonalds,852-26509136,新界大埔太和邨太和商場102號舖,0,0,0,0,0,0,2,0,0,0,0,0,400
2026-07-07,465350,麥當勞(小西灣)McDonalds,852-25150314,香港柴灣小西灣富怡花園地下C10-C19,0,0,0,0,0,0,5,0,0,0,0,0,1000
2026-07-07,465351,麥當勞(馬頭圍)McDonalds,852-22468290,九龍土瓜灣馬頭圍道207-211號海悅廣場地下1號舖,0,0,0,0,0,0,4,0,0,0,0,0,800
2026-07-07,467436,幸福巷子(啟德體育園）,852-23602098,九龍九龍城啟德啟德體育園啟德零售館1，2樓M1-LA203-LA206及M1-211-214號舖5號檔,0,0,0,0,0,0,2,0,0,0,0,0,400
2026-07-07,468595,麥當勞(秀茂坪)McDonalds,852-23548506,觀塘秀茂坪秀明道101號秀茂坪商場地下1號舖,0,0,0,0,0,0,6,0,0,0,0,0,1200
2026-07-07,468596,麥當勞(淘大II)McDonalds,852-27986967,九龍牛頭角道77號淘大花園商場第二期地下G246-253號舖,0,0,0,0,0,0,5,0,0,0,0,0,1000
2026-07-07,472047,麥當勞(山景)McDonalds,852-24641660,新界屯門山景邨山景商場124號舖,0,0,0,0,0,0,2,0,0,0,0,0,400
2026-07-07,478372,麥當勞(華樂)McDonalds,852-24591736,"新界屯門屯門市地段152號,青山坊2號華樂大廈地下16, 17, 21A(部份)及21B號舖",0,0,0,0,0,0,2,0,0,0,0,0,400
2026-07-07,478401,豪大大雞排好好茶（粉嶺）,852-67621155,新運路38號祥華商場3樓313號舖,0,0,0,0,0,0,1,0,0,0,0,0,200
2026-07-07,478523,麥當勞(新豐)McDonalds,852-26723936,新界上水石湖墟新豐路106-110號金城大廈地下,0,0,0,0,0,0,6,0,0,0,0,0,1200
2026-07-07,488207,麥當勞(翠怡)McDonalds,852-24358772,新界青衣楓樹窩路翠怡花園商場地下G2號舖,0,0,0,0,0,0,2,0,0,0,0,0,400
2026-07-07,566697,麥當勞(好運中心)McDonalds,852-35650480,新界沙田橫壆街1-15號好運中心3樓3014-3015號舖,0,0,0,0,0,0,2,0,0,0,0,0,400
2026-07-07,566736,麥當勞(彩園)McDonalds,852-26723936,新界上水彩園商場三樓R36及R37號舖,0,0,0,0,0,0,4,0,0,0,0,0,800
2026-07-07,570011,麥當勞(科學園)McDonalds,852-37098358,新界沙田白石角香港科學園第二期8W大樓地下S037-S039號鋪,0,0,0,0,0,0,10,0,0,0,0,0,2000
2026-07-07,573224,麥當勞(置富嘉湖II)McDonalds,852-26174329,新界天水圍天恩路12-18號嘉湖(一期)地下G57B &G57C號舖及外座區G57A,0,0,0,0,0,0,2,0,0,0,0,0,400
2026-07-07,590530,麥當勞(黃金海岸)McDonalds,852-24416822,屯門青山公路 - 掃管笏段1號黃金海岸商場地下R6、F9號舖及露天茶座,0,0,0,0,0,0,3,0,0,0,0,0,600
2026-07-07,596231,麥當勞(形點)McDonalds,852-25205377,元朗朗日路8號形點 II L3樓A312號舖,0,0,0,0,0,0,3,0,0,0,0,0,600
2026-07-07,599518,Apinara泰國米芝蓮推薦泰菜,852-31070688,金鐘道88號太古廣場2樓205號舖,0,0,0,0,0,0,2,0,0,0,0,0,400
2026-07-07,671879,南海小館地道廣東風味巡禮堅持原汁原味呈現廣東菜之鮮,852-92111155,香港仔黃竹坑道180號香港海洋公園萬豪酒店海殿地下B區地舖,0,0,0,0,0,2,0,0,0,0,0,0,560
2026-07-07,721439302,達摩堂日式丼飯慢煮和牛,852-98483260,彌敦道726號17樓,0,0,0,0,0,0,1,0,0,0,0,0,200
2026-07-07,721442334,一碗賭上廚師生涯的炒飯(旺角店),852-59510515,旺角豉油街126號Fresh Lane2樓8號廚房,0,0,0,0,3,0,0,0,0,0,0,0,690
2026-07-07,721505289,麥當勞(匯都)McDonalds,852-27691038,新界元朗洪水橋洪安里1號匯都地下A1-A3號鋪,0,0,0,0,0,0,2,0,0,0,0,0,400
2026-07-07,721515295,麥當勞(翔東)McDonalds,852-26962918,香港離島大嶼山東涌 翔東邨翔東@潮薈 地下02號舖,0,0,0,0,0,0,6,0,0,0,0,0,1200
2026-07-07,721515373,麥當勞(荃灣中心)McDonalds,852-24055857,新界荃灣荃景圍94-98號荃灣中心第二期地下6號舖,0,0,0,0,0,0,2,0,0,0,0,0,400
2026-07-07,721524342,牛丼新造（中環）,852-28051108,中環威靈頓街112-114號新威大廈地下C號舖,0,0,0,0,0,0,1,0,0,0,0,0,200
2026-07-07,721525385,麥當勞(將軍澳廣場)McDonalds,852-26741217,新界將軍澳唐德街1號將軍澳廣場商業部份二樓2-018-020號舖,0,0,0,0,0,0,3,0,0,0,0,0,600
2026-07-07,721525386,麥當勞(MegaBoxII)McDonalds,852-23590412,九龍九龍灣宏照道38號企業廣場五期MegaBox L2 34號舖,0,0,0,0,0,0,2,0,0,0,0,0,400
2026-07-07,721527333,炸物公社(新店開業全場買一送一),852-69502477,香港德輔道西103號樂基商業中心1樓，18號,0,0,0,0,1,0,0,0,0,0,0,0,230
2026-07-07,721530328,新開張8折試食磯水產觀塘必試刺身丼飯專門店,852-55002591,九龍觀塘海濱道133號萬兆豐中心地下3號鋪,0,1,0,0,0,0,0,0,0,0,0,0,22
2026-07-07,721534384,麥當勞(大興)McDonalds,852-22346011,新界屯門大興街1號大興商場地下L101號舖,0,0,0,0,0,0,1,0,0,0,0,0,200
2026-07-07,721538394,麥當勞(信德中心)McDonalds,852-29758367,香港干諾道中200號信德中心二樓267號舖,0,0,0,0,0,0,2,0,0,0,0,0,400
2026-07-07,721539366,麥當勞(黃埔)McDonalds,852-27742777,九龍黃埔花園第11期聚寶坊地下G7A舖及地庫1樓1B12至14舖,0,0,0,0,0,0,2,0,0,0,0,0,400
2026-07-07,721518370,鯛魚魚湯烏冬專門店,852-23809688,"Shop no 218, 2/F, Tai Yau Plaza, Of Tai Yau Building, No.181 Johnson Road, Wanchai",5,5,0,0,0,0,0,0,0,0,0,0,255
